<?xml version="1.0" encoding="UTF-8" standalone="yes"?>
<addon id="repository.rayw1986" name="RayW1986 Repo" version="2.0" provider-name="RayW1986">
	<extension point="xbmc.addon.repository" name="RayW1986 Repository">
		<info compressed="false">https://offshoregit.com/rayw1986/repository.rayw1986/addons.xml</info>
		<checksum>https://offshoregit.com/rayw1986/repository.rayw1986/addons.xml.md5</checksum>
		<datadir zip="true">https://offshoregit.com/rayw1986/repository.rayw1986/zips</datadir>
	</extension>
	<extension point="xbmc.addon.metadata">
		<summary>RayW1986's Repository</summary>
		<description>RayW1986's Repository.</description>
		<platform>all</platform>
	</extension>
</addon>

