<?xml version="1.0" encoding="UTF-8" standalone="yes"?>
<addon id="plugin.video.gmdb"
       name="Game Movie Database"
       version="1.0.1"
       provider-name="RayW1986">
    <requires>
        <import addon="xbmc.python" version="2.1.0"/>
		<import addon="script.module.urlresolver"  version="2.1.2"/> 
    </requires>
    <extension point="xbmc.python.pluginsource"
               	library="default.py">
        <provides>video</provides>
    </extension>
    <extension point="xbmc.addon.metadata">
        <platform>all</platform>
        <summary>Cutscene movies from gmdb.tv</summary>
        <description>Watch cutscene movies from video games from the Game Movie Database.</description>
		<disclaimer lang="en">The author is not responsible for the media you find in this add-on.</disclaimer>
    </extension>
	
</addon>
