<?xml version="1.0" encoding="UTF-8" standalone="yes"?>
<addon id="plugin.video.moviesaboutmusic"
       name="MoviesAboutMusic.com"
       version="1.1.0"
       provider-name="RayW1986">
    <requires>
        <import addon="xbmc.python" version="2.1.0"/>
		<import addon="script.module.urlresolver"  version="2.1.2"/> 
    </requires>
    <extension point="xbmc.python.pluginsource"
               	library="default.py">
        <provides>video</provides>
    </extension>
    <extension point="xbmc.addon.metadata">
        <platform>all</platform>
        <summary>Watch videos from MoviesAboutMusic.com</summary>
        <description>Watch documentaries and feature length movies from the MoviesAboutMusic.com website.
		
		For help or more information please visit TVADDONS.ag</description>
		<disclaimer lang="en">The author is not responsible for the media you find in this add-on.</disclaimer>
    </extension>
	
</addon>
