<?xml version="1.0" encoding="UTF-8" standalone="yes"?>
<addon id="plugin.audio.bbcpodcasts" name="BBC Podcasts" version="0.0.1" provider-name="RayW1986">
    <requires>
        <import addon="xbmc.python" version="2.1.0"/>
    </requires>
    <extension point="xbmc.python.pluginsource"
               	library="default.py">
        <provides>audio</provides>
    </extension>
    <extension point="xbmc.addon.metadata">
        <platform>all</platform>
        <summary lang="en">Listen to the BBC Podcasts</summary>
        <description lang="en">Browse and listen to the many BBC Podcasts.</description>
		<disclaimer lang="en">The author is not affiliated either with the BBC</disclaimer>
    </extension>
	
</addon>