<?xml version="1.0" encoding="UTF-8" standalone="yes"?>
<addon id="plugin.video.thefa"
       name="The FA"
       version="0.0.1"
       provider-name="RayW1986">
    <requires>
        <import addon="xbmc.python" version="2.1.0"/>
    </requires>
    <extension point="xbmc.python.pluginsource"
               	library="default.py">
        <provides>video</provides>
    </extension>
    <extension point="xbmc.addon.metadata">
        <platform>all</platform>
        <summary>Videos from teams apart of The FA</summary>
        <description>Watch videos from clubs and leagues from The Football Association.
		[B]NOTE:[/B] This plugin requires that you have the YouTube plugin installed also.</description>
    </extension>
	
</addon>
