<?xml version="1.0" encoding="UTF-8" standalone="yes"?>
<addon id="context.genesis.cache" name="Genesis Cache" version="1.0.0" provider-name="RayW1986">
  <requires>
    <import addon="xbmc.python" version="2.20.0"/>
  </requires>
    <extension point="kodi.context.item" library="addon.py">		
      <item>
        <label>32000</label>
        <visible>StringCompare(ListItem.dbtype,movie) | StringCompare(ListItem.dbtype,tvshow) | StringCompare(ListItem.dbtype,season) | StringCompare(ListItem.dbtype,episode)</visible>
      </item>
    </extension>
  <extension point="xbmc.addon.metadata">
    <summary lang="en">Clear Genesis Cache</summary>
    <description lang="en">This context menu plugin will allow you to clear the Genesis cache while you are in your Kodi library.</description>
    <platform>all</platform>
    <forum></forum>
    <source></source>
  </extension>
</addon>
